{"short_name":"Intern","name":"Intern Med App","description":"Med app that searches a database of medicines to give hints to user.","id":"1.1","orientation":"portrait","launch_handler":{"client_mode":"auto"},"screenshots":[{"src":"screenshot.png","sizes":"1280x720","type":"image/jpg","platform":"wide"}],"icons":[{"src":"favicon.ico","sizes":"64x64 32x32 24x24 16x16","type":"image/x-icon"},{"src":"favicon.ico","type":"image/x-icon","sizes":"192x192"},{"src":"internlogo.png","type":"image/png","sizes":"512x512"},{"src":"internlogo.png","type":"image/png","sizes":"1024x1024"}],"start_url":"/intern/","display":"standalone","theme_color":"#000000","background_color":"#ffffff"}